{"n_jobs": 1, "objective": "binary:logistic", "eval_metric": "auc", "tree_method": "gpu_hist", "predictor": "gpu_predictor", "enable_categorical": true, "verbosity": 0, "cat_features": [1, 9, 10, 11, 12, 13, 18, 20, 21, 22, 23, 28, 29, 30, 33, 34, 35, 36, 37, 38, 39, 40, 41, 42, 43, 44, 45], "scale_pos_weight": 2.0725806451612905, "learning_rate": 0.0023345864076016252, "booster": "gbtree", "n_estimators": 807, "max_depth": 8, "gamma": 0.0037253938395788847, "min_child_weight": 6, "subsample": 0.4232252063599989, "colsample_bytree": 0.664526911140863, "reg_alpha": 0.0042733023193754}