{"n_jobs": 1, "objective": "binary:logistic", "eval_metric": "auc", "tree_method": "gpu_hist", "predictor": "gpu_predictor", "enable_categorical": true, "verbosity": 0, "cat_features": [1, 9, 10, 11, 12, 13, 18, 20, 21, 22, 23, 28, 29, 30, 33, 34, 35, 36, 37, 38, 39, 40, 41, 42, 43, 44, 45], "scale_pos_weight": 1.6957878315132606, "learning_rate": 0.027904881675556152, "booster": "gbtree", "n_estimators": 240, "max_depth": 7, "gamma": 0.015796261587367445, "min_child_weight": 10, "subsample": 0.8275133114228718, "colsample_bytree": 0.6941637670372391, "reg_alpha": 0.8416593916189318}