{"n_jobs": 1, "objective": "binary:logistic", "eval_metric": "auc", "tree_method": "gpu_hist", "predictor": "gpu_predictor", "enable_categorical": true, "verbosity": 0, "cat_features": [1, 9, 10, 11, 12, 13, 18, 20, 21, 22, 23, 28, 29, 30, 33, 34, 35, 36, 37, 38, 39, 40, 41, 42, 43, 44, 45], "scale_pos_weight": 1.8741522230595329, "learning_rate": 0.022500457446904543, "booster": "gbtree", "n_estimators": 215, "max_depth": 21, "gamma": 2.938721262570071e-05, "min_child_weight": 9, "subsample": 0.6823186757933009, "colsample_bytree": 0.3681459631559399, "reg_alpha": 4.782933179842174}