{"n_jobs": 1, "objective": "binary:logistic", "eval_metric": "auc", "tree_method": "gpu_hist", "predictor": "gpu_predictor", "enable_categorical": true, "verbosity": 0, "cat_features": [1, 9, 10, 11, 12, 13, 18, 20, 21, 22, 23, 28, 29, 30, 33, 34, 35, 36, 37, 38, 39, 40, 41, 42, 43, 44, 45], "scale_pos_weight": 1.2986577181208054, "learning_rate": 0.06798074017967529, "booster": "gbtree", "n_estimators": 105, "max_depth": 30, "gamma": 1.2297288957910175e-05, "min_child_weight": 10, "subsample": 0.853832397641259, "colsample_bytree": 0.8758624475672522, "reg_alpha": 4.1023716562981205}