{"n_jobs": 1, "objective": "binary:logistic", "eval_metric": "auc", "tree_method": "gpu_hist", "predictor": "gpu_predictor", "enable_categorical": true, "verbosity": 0, "cat_features": [1, 9, 10, 11, 12, 13, 18, 20, 21, 22, 23, 28, 29, 30, 33, 34, 35, 36, 37, 38, 39, 40, 41, 42, 43, 44, 45], "scale_pos_weight": 0.3704635285662954, "learning_rate": 0.01713889027352404, "booster": "gbtree", "n_estimators": 688, "max_depth": 3, "gamma": 0.5358566193716215, "min_child_weight": 4, "subsample": 0.7381511796098792, "colsample_bytree": 0.45736282728801225, "reg_alpha": 0.3060157604501203}