{"n_jobs": 1, "objective": "binary:logistic", "eval_metric": "auc", "tree_method": "gpu_hist", "predictor": "gpu_predictor", "enable_categorical": true, "verbosity": 0, "cat_features": [1, 9, 10, 11, 12, 13, 18, 20, 21, 22, 23, 28, 29, 30, 33, 34, 35, 36, 37, 38, 39, 40, 41, 42, 43, 44, 45], "scale_pos_weight": 0.3617021276595745, "learning_rate": 0.006358358856676255, "booster": "gbtree", "n_estimators": 737, "max_depth": 3, "gamma": 0.7072114131472232, "min_child_weight": 9, "subsample": 0.5061695553391381, "colsample_bytree": 0.4090949803242604, "reg_alpha": 0.004768785415482609}