{"n_jobs": 1, "objective": "binary:logistic", "eval_metric": "auc", "tree_method": "gpu_hist", "predictor": "gpu_predictor", "enable_categorical": true, "verbosity": 0, "cat_features": [1, 9, 10, 11, 12, 13, 18, 20, 21, 22, 23, 28, 29, 30, 33, 34, 35, 36, 37, 38, 39, 40, 41, 42, 43, 44, 45], "scale_pos_weight": 2.521212121212121, "learning_rate": 0.008476077161144258, "booster": "gbtree", "n_estimators": 716, "max_depth": 3, "gamma": 0.9663232062427416, "min_child_weight": 9, "subsample": 0.5327877816579119, "colsample_bytree": 0.41832718332333174, "reg_alpha": 0.012655212975716508}