{"n_jobs": 1, "objective": "binary:logistic", "eval_metric": "auc", "tree_method": "gpu_hist", "predictor": "gpu_predictor", "enable_categorical": true, "verbosity": 0, "cat_features": [1, 9, 10, 11, 12, 13, 18, 20, 21, 22, 23, 28, 29, 30, 33, 34, 35, 36, 37, 38, 39, 40, 41, 42, 43, 44, 45], "scale_pos_weight": 2.725735294117647, "learning_rate": 0.010727084965166323, "booster": "gbtree", "n_estimators": 630, "max_depth": 3, "gamma": 0.0008084823485909239, "min_child_weight": 3, "subsample": 0.5959458012742603, "colsample_bytree": 0.815223822005884, "reg_alpha": 0.6291359885816629}