{"n_jobs": 1, "objective": "binary:logistic", "eval_metric": "auc", "tree_method": "gpu_hist", "predictor": "gpu_predictor", "enable_categorical": true, "verbosity": 0, "cat_features": [1, 9, 10, 11, 12, 13, 18, 20, 21, 22, 23, 28, 29, 30, 33, 34, 35, 36, 37, 38, 39, 40, 41, 42, 43, 44, 45], "scale_pos_weight": 0.337890625, "learning_rate": 0.016201698759543522, "booster": "gbtree", "n_estimators": 468, "max_depth": 25, "gamma": 0.9551743658898737, "min_child_weight": 7, "subsample": 0.7336228052393176, "colsample_bytree": 0.46693414135422795, "reg_alpha": 0.1762393659143225}